dgp,alpha,N,R,method,quantity,nominal,coverage,acd,rcd,mc_se,ci95_lo,ci95_hi,ci_method,repetitions
beta_almost_single_type_support_probs,0.05,1000,25,fkrb,theta,0.9500,0.946400,-0.003600,-0.003789,0.003712,0.939040,0.953600,bootstrap,250
beta_almost_single_type_support_probs,0.05,1000,25,fkrb,mean_1,0.9500,0.944000,-0.006000,-0.006316,0.014571,0.908209,0.966352,wilson,250
beta_almost_single_type_support_probs,0.05,1000,25,fkrb,mean_2,0.9500,0.960000,+0.010000,+0.010526,0.012418,0.927947,0.978130,wilson,250
beta_almost_single_type_support_probs,0.05,1000,25,cp_wald,theta,0.9500,1.000000,+0.050000,+0.052632,0.000000,1.000000,1.000000,bootstrap,250
beta_almost_single_type_support_probs,0.05,1000,25,cp_wald,mean_1,0.9500,1.000000,+0.050000,+0.052632,0.000000,0.984867,1.000000,wilson,250
beta_almost_single_type_support_probs,0.05,1000,25,cp_wald,mean_2,0.9500,1.000000,+0.050000,+0.052632,0.000000,0.984867,1.000000,wilson,250
beta_almost_single_type_support_probs,0.05,1000,25,qlr,theta,0.9500,0.995680,+0.045680,+0.048084,0.000787,0.994080,0.997120,bootstrap,250
beta_almost_single_type_support_probs,0.05,1000,25,qlr,mean_1,0.9500,0.972000,+0.022000,+0.023158,0.010455,0.943342,0.986372,wilson,250
beta_almost_single_type_support_probs,0.05,1000,25,qlr,mean_2,0.9500,0.964000,+0.014000,+0.014737,0.011806,0.933010,0.980947,wilson,250
beta_almost_single_type_support_probs,0.5,1000,25,fkrb,theta,0.5000,0.503520,+0.003520,+0.007040,0.007521,0.488640,0.518400,bootstrap,250
beta_almost_single_type_support_probs,0.5,1000,25,fkrb,mean_1,0.5000,0.488000,-0.012000,-0.024000,0.031677,0.426690,0.549673,wilson,250
beta_almost_single_type_support_probs,0.5,1000,25,fkrb,mean_2,0.5000,0.544000,+0.044000,+0.088000,0.031563,0.482060,0.604608,wilson,250
beta_almost_single_type_support_probs,0.5,1000,25,cp_wald,theta,0.5000,0.985440,+0.485440,+0.970880,0.001681,0.982080,0.988640,bootstrap,250
beta_almost_single_type_support_probs,0.5,1000,25,cp_wald,mean_1,0.5000,1.000000,+0.500000,+1.000000,0.000000,0.984867,1.000000,wilson,250
beta_almost_single_type_support_probs,0.5,1000,25,cp_wald,mean_2,0.5000,0.984000,+0.484000,+0.968000,0.007952,0.959590,0.993761,wilson,250
beta_almost_single_type_support_probs,0.5,1000,25,qlr,theta,0.5000,0.871520,+0.371520,+0.743040,0.005355,0.860640,0.881920,bootstrap,250
beta_almost_single_type_support_probs,0.5,1000,25,qlr,mean_1,0.5000,0.620000,+0.120000,+0.240000,0.030760,0.558445,0.677923,wilson,250
beta_almost_single_type_support_probs,0.5,1000,25,qlr,mean_2,0.5000,0.592000,+0.092000,+0.184000,0.031145,0.530133,0.651082,wilson,250
beta_almost_single_type_support_probs,0.05,1000,225,fkrb,theta,0.9500,0.907662,-0.042338,-0.044566,0.003028,0.901706,0.913459,bootstrap,250
beta_almost_single_type_support_probs,0.05,1000,225,fkrb,mean_1,0.9500,0.940000,-0.010000,-0.010526,0.015050,0.903377,0.963306,wilson,250
beta_almost_single_type_support_probs,0.05,1000,225,fkrb,mean_2,0.9500,0.944000,-0.006000,-0.006316,0.014571,0.908209,0.966352,wilson,250
beta_almost_single_type_support_probs,0.05,1000,225,cp_wald,theta,0.9500,1.000000,+0.050000,+0.052632,0.000000,1.000000,1.000000,bootstrap,250
beta_almost_single_type_support_probs,0.05,1000,225,cp_wald,mean_1,0.9500,1.000000,+0.050000,+0.052632,0.000000,0.984867,1.000000,wilson,250
beta_almost_single_type_support_probs,0.05,1000,225,cp_wald,mean_2,0.9500,1.000000,+0.050000,+0.052632,0.000000,0.984867,1.000000,wilson,250
beta_almost_single_type_support_probs,0.05,1000,225,qlr,theta,0.9500,0.998809,+0.048809,+0.051378,0.000125,0.998560,0.999040,bootstrap,250
beta_almost_single_type_support_probs,0.05,1000,225,qlr,mean_1,0.9500,1.000000,+0.050000,+0.052632,0.000000,0.984867,1.000000,wilson,250
beta_almost_single_type_support_probs,0.05,1000,225,qlr,mean_2,0.9500,0.996000,+0.046000,+0.048421,0.004000,0.977694,0.999294,wilson,250
beta_almost_single_type_support_probs,0.5,1000,225,fkrb,theta,0.5000,0.461813,-0.038187,-0.076373,0.004475,0.453120,0.470524,bootstrap,250
beta_almost_single_type_support_probs,0.5,1000,225,fkrb,mean_1,0.5000,0.480000,-0.020000,-0.040000,0.031661,0.418842,0.541763,wilson,250
beta_almost_single_type_support_probs,0.5,1000,225,fkrb,mean_2,0.5000,0.496000,-0.004000,-0.008000,0.031685,0.434554,0.557567,wilson,250
beta_almost_single_type_support_probs,0.5,1000,225,cp_wald,theta,0.5000,1.000000,+0.500000,+1.000000,0.000000,1.000000,1.000000,bootstrap,250
beta_almost_single_type_support_probs,0.5,1000,225,cp_wald,mean_1,0.5000,1.000000,+0.500000,+1.000000,0.000000,0.984867,1.000000,wilson,250
beta_almost_single_type_support_probs,0.5,1000,225,cp_wald,mean_2,0.5000,1.000000,+0.500000,+1.000000,0.000000,0.984867,1.000000,wilson,250
beta_almost_single_type_support_probs,0.5,1000,225,qlr,theta,0.5000,0.994898,+0.494898,+0.989796,0.000216,0.994470,0.995324,bootstrap,250
beta_almost_single_type_support_probs,0.5,1000,225,qlr,mean_1,0.5000,0.716000,+0.216000,+0.432000,0.028577,0.657162,0.768301,wilson,250
beta_almost_single_type_support_probs,0.5,1000,225,qlr,mean_2,0.5000,0.628000,+0.128000,+0.256000,0.030630,0.566572,0.685554,wilson,250
beta_almost_single_type_support_probs,0.05,10000,25,fkrb,theta,0.9500,0.954560,+0.004560,+0.004800,0.003785,0.947040,0.961760,bootstrap,250
beta_almost_single_type_support_probs,0.05,10000,25,fkrb,mean_1,0.9500,0.944000,-0.006000,-0.006316,0.014571,0.908209,0.966352,wilson,250
beta_almost_single_type_support_probs,0.05,10000,25,fkrb,mean_2,0.9500,0.940000,-0.010000,-0.010526,0.015050,0.903377,0.963306,wilson,250
beta_almost_single_type_support_probs,0.05,10000,25,cp_wald,theta,0.9500,1.000000,+0.050000,+0.052632,0.000000,1.000000,1.000000,bootstrap,250
beta_almost_single_type_support_probs,0.05,10000,25,cp_wald,mean_1,0.9500,1.000000,+0.050000,+0.052632,0.000000,0.984867,1.000000,wilson,250
beta_almost_single_type_support_probs,0.05,10000,25,cp_wald,mean_2,0.9500,1.000000,+0.050000,+0.052632,0.000000,0.984867,1.000000,wilson,250
beta_almost_single_type_support_probs,0.05,10000,25,qlr,theta,0.9500,0.954560,+0.004560,+0.004800,0.005402,0.943520,0.964640,bootstrap,250
beta_almost_single_type_support_probs,0.05,10000,25,qlr,mean_1,0.9500,0.996000,+0.046000,+0.048421,0.004000,0.977694,0.999294,wilson,250
beta_almost_single_type_support_probs,0.05,10000,25,qlr,mean_2,0.9500,0.992000,+0.042000,+0.044211,0.005645,0.971305,0.997803,wilson,250
beta_almost_single_type_support_probs,0.5,10000,25,fkrb,theta,0.5000,0.499680,-0.000320,-0.000640,0.008514,0.483360,0.516000,bootstrap,250
beta_almost_single_type_support_probs,0.5,10000,25,fkrb,mean_1,0.5000,0.488000,-0.012000,-0.024000,0.031677,0.426690,0.549673,wilson,250
beta_almost_single_type_support_probs,0.5,10000,25,fkrb,mean_2,0.5000,0.508000,+0.008000,+0.016000,0.031682,0.446378,0.569380,wilson,250
beta_almost_single_type_support_probs,0.5,10000,25,cp_wald,theta,0.5000,0.959840,+0.459840,+0.919680,0.002362,0.955200,0.964480,bootstrap,250
beta_almost_single_type_support_probs,0.5,10000,25,cp_wald,mean_1,0.5000,1.000000,+0.500000,+1.000000,0.000000,0.984867,1.000000,wilson,250
beta_almost_single_type_support_probs,0.5,10000,25,cp_wald,mean_2,0.5000,0.972000,+0.472000,+0.944000,0.010455,0.943342,0.986372,wilson,250
beta_almost_single_type_support_probs,0.5,10000,25,qlr,theta,0.5000,0.750240,+0.250240,+0.500480,0.008377,0.733760,0.766568,bootstrap,250
beta_almost_single_type_support_probs,0.5,10000,25,qlr,mean_1,0.5000,0.816000,+0.316000,+0.632000,0.024556,0.763311,0.859124,wilson,250
beta_almost_single_type_support_probs,0.5,10000,25,qlr,mean_2,0.5000,0.772000,+0.272000,+0.544000,0.026587,0.716109,0.819659,wilson,250
beta_almost_single_type_support_probs,0.05,10000,225,fkrb,theta,0.9500,0.924320,-0.025680,-0.027032,0.002742,0.918986,0.929653,bootstrap,250
beta_almost_single_type_support_probs,0.05,10000,225,fkrb,mean_1,0.9500,0.924000,-0.026000,-0.027368,0.016794,0.884359,0.950808,wilson,250
beta_almost_single_type_support_probs,0.05,10000,225,fkrb,mean_2,0.9500,0.964000,+0.014000,+0.014737,0.011806,0.933010,0.980947,wilson,250
beta_almost_single_type_support_probs,0.05,10000,225,cp_wald,theta,0.9500,1.000000,+0.050000,+0.052632,0.000000,1.000000,1.000000,bootstrap,250
beta_almost_single_type_support_probs,0.05,10000,225,cp_wald,mean_1,0.9500,1.000000,+0.050000,+0.052632,0.000000,0.984867,1.000000,wilson,250
beta_almost_single_type_support_probs,0.05,10000,225,cp_wald,mean_2,0.9500,1.000000,+0.050000,+0.052632,0.000000,0.984867,1.000000,wilson,250
beta_almost_single_type_support_probs,0.05,10000,225,qlr,theta,0.9500,0.999538,+0.049538,+0.052145,0.000086,0.999360,0.999698,bootstrap,250
beta_almost_single_type_support_probs,0.05,10000,225,qlr,mean_1,0.9500,1.000000,+0.050000,+0.052632,0.000000,0.984867,1.000000,wilson,250
beta_almost_single_type_support_probs,0.05,10000,225,qlr,mean_2,0.9500,1.000000,+0.050000,+0.052632,0.000000,0.984867,1.000000,wilson,250
beta_almost_single_type_support_probs,0.5,10000,225,fkrb,theta,0.5000,0.477191,-0.022809,-0.045618,0.004434,0.468782,0.485920,bootstrap,250
beta_almost_single_type_support_probs,0.5,10000,225,fkrb,mean_1,0.5000,0.432000,-0.068000,-0.136000,0.031392,0.372083,0.493975,wilson,250
beta_almost_single_type_support_probs,0.5,10000,225,fkrb,mean_2,0.5000,0.516000,+0.016000,+0.032000,0.031670,0.454280,0.577236,wilson,250
beta_almost_single_type_support_probs,0.5,10000,225,cp_wald,theta,0.5000,1.000000,+0.500000,+1.000000,0.000000,1.000000,1.000000,bootstrap,250
beta_almost_single_type_support_probs,0.5,10000,225,cp_wald,mean_1,0.5000,1.000000,+0.500000,+1.000000,0.000000,0.984867,1.000000,wilson,250
beta_almost_single_type_support_probs,0.5,10000,225,cp_wald,mean_2,0.5000,1.000000,+0.500000,+1.000000,0.000000,0.984867,1.000000,wilson,250
beta_almost_single_type_support_probs,0.5,10000,225,qlr,theta,0.5000,0.995271,+0.495271,+0.990542,0.000271,0.994738,0.995787,bootstrap,250
beta_almost_single_type_support_probs,0.5,10000,225,qlr,mean_1,0.5000,0.772000,+0.272000,+0.544000,0.026587,0.716109,0.819659,wilson,250
beta_almost_single_type_support_probs,0.5,10000,225,qlr,mean_2,0.5000,0.768000,+0.268000,+0.536000,0.026750,0.711859,0.816029,wilson,250
beta_bimodal_support_probs,0.05,1000,25,fkrb,theta,0.9500,0.951040,+0.001040,+0.001095,0.003451,0.944320,0.957600,bootstrap,250
beta_bimodal_support_probs,0.05,1000,25,fkrb,mean_1,0.9500,0.968000,+0.018000,+0.018947,0.011154,0.938138,0.983698,wilson,250
beta_bimodal_support_probs,0.05,1000,25,fkrb,mean_2,0.9500,0.968000,+0.018000,+0.018947,0.011154,0.938138,0.983698,wilson,250
beta_bimodal_support_probs,0.05,1000,25,cp_wald,theta,0.9500,0.997280,+0.047280,+0.049768,0.000749,0.995680,0.998560,bootstrap,250
beta_bimodal_support_probs,0.05,1000,25,cp_wald,mean_1,0.9500,1.000000,+0.050000,+0.052632,0.000000,0.984867,1.000000,wilson,250
beta_bimodal_support_probs,0.05,1000,25,cp_wald,mean_2,0.9500,1.000000,+0.050000,+0.052632,0.000000,0.984867,1.000000,wilson,250
beta_bimodal_support_probs,0.05,1000,25,qlr,theta,0.9500,0.978720,+0.028720,+0.030232,0.002055,0.974560,0.982720,bootstrap,250
beta_bimodal_support_probs,0.05,1000,25,qlr,mean_1,0.9500,0.984000,+0.034000,+0.035789,0.007952,0.959590,0.993761,wilson,250
beta_bimodal_support_probs,0.05,1000,25,qlr,mean_2,0.9500,0.992000,+0.042000,+0.044211,0.005645,0.971305,0.997803,wilson,250
beta_bimodal_support_probs,0.5,1000,25,fkrb,theta,0.5000,0.479200,-0.020800,-0.041600,0.007992,0.463680,0.494720,bootstrap,250
beta_bimodal_support_probs,0.5,1000,25,fkrb,mean_1,0.5000,0.512000,+0.012000,+0.024000,0.031677,0.450327,0.573310,wilson,250
beta_bimodal_support_probs,0.5,1000,25,fkrb,mean_2,0.5000,0.540000,+0.040000,+0.080000,0.031585,0.478080,0.600709,wilson,250
beta_bimodal_support_probs,0.5,1000,25,cp_wald,theta,0.5000,0.899200,+0.399200,+0.798400,0.004631,0.889920,0.908320,bootstrap,250
beta_bimodal_support_probs,0.5,1000,25,cp_wald,mean_1,0.5000,0.960000,+0.460000,+0.920000,0.012418,0.927947,0.978130,wilson,250
beta_bimodal_support_probs,0.5,1000,25,cp_wald,mean_2,0.5000,0.880000,+0.380000,+0.760000,0.020594,0.833862,0.914637,wilson,250
beta_bimodal_support_probs,0.5,1000,25,qlr,theta,0.5000,0.714240,+0.214240,+0.428480,0.005940,0.702720,0.725760,bootstrap,250
beta_bimodal_support_probs,0.5,1000,25,qlr,mean_1,0.5000,0.536000,+0.036000,+0.072000,0.031604,0.474104,0.596807,wilson,250
beta_bimodal_support_probs,0.5,1000,25,qlr,mean_2,0.5000,0.540000,+0.040000,+0.080000,0.031585,0.478080,0.600709,wilson,250
beta_bimodal_support_probs,0.05,1000,225,fkrb,theta,0.9500,0.909013,-0.040987,-0.043144,0.003178,0.902755,0.915236,bootstrap,250
beta_bimodal_support_probs,0.05,1000,225,fkrb,mean_1,0.9500,0.932000,-0.018000,-0.018947,0.015954,0.893811,0.957114,wilson,250
beta_bimodal_support_probs,0.05,1000,225,fkrb,mean_2,0.9500,0.952000,+0.002000,+0.002105,0.013547,0.917988,0.972332,wilson,250
beta_bimodal_support_probs,0.05,1000,225,cp_wald,theta,0.9500,1.000000,+0.050000,+0.052632,0.000000,1.000000,1.000000,bootstrap,250
beta_bimodal_support_probs,0.05,1000,225,cp_wald,mean_1,0.9500,1.000000,+0.050000,+0.052632,0.000000,0.984867,1.000000,wilson,250
beta_bimodal_support_probs,0.05,1000,225,cp_wald,mean_2,0.9500,1.000000,+0.050000,+0.052632,0.000000,0.984867,1.000000,wilson,250
beta_bimodal_support_probs,0.05,1000,225,qlr,theta,0.9500,1.000000,+0.050000,+0.052632,0.000000,1.000000,1.000000,bootstrap,250
beta_bimodal_support_probs,0.05,1000,225,qlr,mean_1,0.9500,0.988000,+0.038000,+0.040000,0.006900,0.965319,0.995911,wilson,250
beta_bimodal_support_probs,0.05,1000,225,qlr,mean_2,0.9500,0.976000,+0.026000,+0.027368,0.009699,0.948638,0.988955,wilson,250
beta_bimodal_support_probs,0.5,1000,225,fkrb,theta,0.5000,0.455413,-0.044587,-0.089173,0.004595,0.446400,0.464339,bootstrap,250
beta_bimodal_support_probs,0.5,1000,225,fkrb,mean_1,0.5000,0.416000,-0.084000,-0.168000,0.031236,0.356623,0.477919,wilson,250
beta_bimodal_support_probs,0.5,1000,225,fkrb,mean_2,0.5000,0.468000,-0.032000,-0.064000,0.031621,0.407100,0.529869,wilson,250
beta_bimodal_support_probs,0.5,1000,225,cp_wald,theta,0.5000,1.000000,+0.500000,+1.000000,0.000000,1.000000,1.000000,bootstrap,250
beta_bimodal_support_probs,0.5,1000,225,cp_wald,mean_1,0.5000,1.000000,+0.500000,+1.000000,0.000000,0.984867,1.000000,wilson,250
beta_bimodal_support_probs,0.5,1000,225,cp_wald,mean_2,0.5000,1.000000,+0.500000,+1.000000,0.000000,0.984867,1.000000,wilson,250
beta_bimodal_support_probs,0.5,1000,225,qlr,theta,0.5000,0.992693,+0.492693,+0.985387,0.000551,0.991609,0.993724,bootstrap,250
beta_bimodal_support_probs,0.5,1000,225,qlr,mean_1,0.5000,0.572000,+0.072000,+0.144000,0.031356,0.510033,0.631788,wilson,250
beta_bimodal_support_probs,0.5,1000,225,qlr,mean_2,0.5000,0.564000,+0.064000,+0.128000,0.031426,0.502021,0.624042,wilson,250
beta_bimodal_support_probs,0.05,10000,25,fkrb,theta,0.9500,0.952000,+0.002000,+0.002105,0.003254,0.945440,0.958240,bootstrap,250
beta_bimodal_support_probs,0.05,10000,25,fkrb,mean_1,0.9500,0.944000,-0.006000,-0.006316,0.014571,0.908209,0.966352,wilson,250
beta_bimodal_support_probs,0.05,10000,25,fkrb,mean_2,0.9500,0.952000,+0.002000,+0.002105,0.013547,0.917988,0.972332,wilson,250
beta_bimodal_support_probs,0.05,10000,25,cp_wald,theta,0.9500,0.991520,+0.041520,+0.043705,0.001485,0.988480,0.994240,bootstrap,250
beta_bimodal_support_probs,0.05,10000,25,cp_wald,mean_1,0.9500,1.000000,+0.050000,+0.052632,0.000000,0.984867,1.000000,wilson,250
beta_bimodal_support_probs,0.05,10000,25,cp_wald,mean_2,0.9500,0.996000,+0.046000,+0.048421,0.004000,0.977694,0.999294,wilson,250
beta_bimodal_support_probs,0.05,10000,25,qlr,theta,0.9500,0.968640,+0.018640,+0.019621,0.002923,0.962880,0.974240,bootstrap,250
beta_bimodal_support_probs,0.05,10000,25,qlr,mean_1,0.9500,0.976000,+0.026000,+0.027368,0.009699,0.948638,0.988955,wilson,250
beta_bimodal_support_probs,0.05,10000,25,qlr,mean_2,0.9500,0.972000,+0.022000,+0.023158,0.010455,0.943342,0.986372,wilson,250
beta_bimodal_support_probs,0.5,10000,25,fkrb,theta,0.5000,0.502080,+0.002080,+0.004160,0.008609,0.485120,0.519040,bootstrap,250
beta_bimodal_support_probs,0.5,10000,25,fkrb,mean_1,0.5000,0.576000,+0.076000,+0.152000,0.031318,0.514045,0.635655,wilson,250
beta_bimodal_support_probs,0.5,10000,25,fkrb,mean_2,0.5000,0.492000,-0.008000,-0.016000,0.031682,0.430620,0.553622,wilson,250
beta_bimodal_support_probs,0.5,10000,25,cp_wald,theta,0.5000,0.785280,+0.285280,+0.570560,0.006540,0.772320,0.798080,bootstrap,250
beta_bimodal_support_probs,0.5,10000,25,cp_wald,mean_1,0.5000,0.856000,+0.356000,+0.712000,0.022249,0.807088,0.894137,wilson,250
beta_bimodal_support_probs,0.5,10000,25,cp_wald,mean_2,0.5000,0.800000,+0.300000,+0.600000,0.025349,0.746044,0.844876,wilson,250
beta_bimodal_support_probs,0.5,10000,25,qlr,theta,0.5000,0.708640,+0.208640,+0.417280,0.007521,0.693920,0.723520,bootstrap,250
beta_bimodal_support_probs,0.5,10000,25,qlr,mean_1,0.5000,0.640000,+0.140000,+0.280000,0.030419,0.578795,0.696968,wilson,250
beta_bimodal_support_probs,0.5,10000,25,qlr,mean_2,0.5000,0.652000,+0.152000,+0.304000,0.030187,0.591057,0.708343,wilson,250
beta_bimodal_support_probs,0.05,10000,225,fkrb,theta,0.9500,0.916569,-0.033431,-0.035191,0.002914,0.910898,0.922240,bootstrap,250
beta_bimodal_support_probs,0.05,10000,225,fkrb,mean_1,0.9500,0.916000,-0.034000,-0.035789,0.017579,0.875005,0.944404,wilson,250
beta_bimodal_support_probs,0.05,10000,225,fkrb,mean_2,0.9500,0.928000,-0.022000,-0.023158,0.016381,0.889071,0.953974,wilson,250
beta_bimodal_support_probs,0.05,10000,225,cp_wald,theta,0.9500,1.000000,+0.050000,+0.052632,0.000000,1.000000,1.000000,bootstrap,250
beta_bimodal_support_probs,0.05,10000,225,cp_wald,mean_1,0.9500,1.000000,+0.050000,+0.052632,0.000000,0.984867,1.000000,wilson,250
beta_bimodal_support_probs,0.05,10000,225,cp_wald,mean_2,0.9500,1.000000,+0.050000,+0.052632,0.000000,0.984867,1.000000,wilson,250
beta_bimodal_support_probs,0.05,10000,225,qlr,theta,0.9500,1.000000,+0.050000,+0.052632,0.000000,1.000000,1.000000,bootstrap,250
beta_bimodal_support_probs,0.05,10000,225,qlr,mean_1,0.9500,0.676000,-0.274000,-0.288421,0.029658,0.615703,0.730970,wilson,250
beta_bimodal_support_probs,0.05,10000,225,qlr,mean_2,0.9500,0.784000,-0.166000,-0.174737,0.026079,0.728897,0.830508,wilson,250
beta_bimodal_support_probs,0.5,10000,225,fkrb,theta,0.5000,0.476213,-0.023787,-0.047573,0.005045,0.466151,0.486027,bootstrap,250
beta_bimodal_support_probs,0.5,10000,225,fkrb,mean_1,0.5000,0.500000,+0.000000,+0.000000,0.031686,0.438491,0.561509,wilson,250
beta_bimodal_support_probs,0.5,10000,225,fkrb,mean_2,0.5000,0.492000,-0.008000,-0.016000,0.031682,0.430620,0.553622,wilson,250
beta_bimodal_support_probs,0.5,10000,225,cp_wald,theta,0.5000,1.000000,+0.500000,+1.000000,0.000000,1.000000,1.000000,bootstrap,250
beta_bimodal_support_probs,0.5,10000,225,cp_wald,mean_1,0.5000,1.000000,+0.500000,+1.000000,0.000000,0.984867,1.000000,wilson,250
beta_bimodal_support_probs,0.5,10000,225,cp_wald,mean_2,0.5000,1.000000,+0.500000,+1.000000,0.000000,0.984867,1.000000,wilson,250
beta_bimodal_support_probs,0.5,10000,225,qlr,theta,0.5000,0.980356,+0.480356,+0.960711,0.001564,0.977227,0.983307,bootstrap,250
beta_bimodal_support_probs,0.5,10000,225,qlr,mean_1,0.5000,0.588000,+0.088000,+0.176000,0.031192,0.526105,0.647232,wilson,250
beta_bimodal_support_probs,0.5,10000,225,qlr,mean_2,0.5000,0.612000,+0.112000,+0.224000,0.030881,0.550335,0.670275,wilson,250
beta_four_types_support_probs,0.05,1000,25,fkrb,theta,0.9500,0.966240,+0.016240,+0.017095,0.002908,0.960320,0.971680,bootstrap,250
beta_four_types_support_probs,0.05,1000,25,fkrb,mean_1,0.9500,0.948000,-0.002000,-0.002105,0.014070,0.913078,0.969362,wilson,250
beta_four_types_support_probs,0.05,1000,25,fkrb,mean_2,0.9500,0.932000,-0.018000,-0.018947,0.015954,0.893811,0.957114,wilson,250
beta_four_types_support_probs,0.05,1000,25,cp_wald,theta,0.9500,0.996480,+0.046480,+0.048926,0.000818,0.994720,0.997920,bootstrap,250
beta_four_types_support_probs,0.05,1000,25,cp_wald,mean_1,0.9500,1.000000,+0.050000,+0.052632,0.000000,0.984867,1.000000,wilson,250
beta_four_types_support_probs,0.05,1000,25,cp_wald,mean_2,0.9500,1.000000,+0.050000,+0.052632,0.000000,0.984867,1.000000,wilson,250
beta_four_types_support_probs,0.05,1000,25,qlr,theta,0.9500,0.957120,+0.007120,+0.007495,0.003019,0.951200,0.962880,bootstrap,250
beta_four_types_support_probs,0.05,1000,25,qlr,mean_1,0.9500,0.980000,+0.030000,+0.031579,0.008872,0.954044,0.991428,wilson,250
beta_four_types_support_probs,0.05,1000,25,qlr,mean_2,0.9500,0.964000,+0.014000,+0.014737,0.011806,0.933010,0.980947,wilson,250
beta_four_types_support_probs,0.5,1000,25,fkrb,theta,0.5000,0.703840,+0.203840,+0.407680,0.006429,0.691040,0.716160,bootstrap,250
beta_four_types_support_probs,0.5,1000,25,fkrb,mean_1,0.5000,0.500000,+0.000000,+0.000000,0.031686,0.438491,0.561509,wilson,250
beta_four_types_support_probs,0.5,1000,25,fkrb,mean_2,0.5000,0.520000,+0.020000,+0.040000,0.031661,0.458237,0.581158,wilson,250
beta_four_types_support_probs,0.5,1000,25,cp_wald,theta,0.5000,0.887200,+0.387200,+0.774400,0.004855,0.877600,0.896488,bootstrap,250
beta_four_types_support_probs,0.5,1000,25,cp_wald,mean_1,0.5000,0.968000,+0.468000,+0.936000,0.011154,0.938138,0.983698,wilson,250
beta_four_types_support_probs,0.5,1000,25,cp_wald,mean_2,0.5000,0.800000,+0.300000,+0.600000,0.025349,0.746044,0.844876,wilson,250
beta_four_types_support_probs,0.5,1000,25,qlr,theta,0.5000,0.765280,+0.265280,+0.530560,0.005285,0.754880,0.775680,bootstrap,250
beta_four_types_support_probs,0.5,1000,25,qlr,mean_1,0.5000,0.568000,+0.068000,+0.136000,0.031392,0.506025,0.627917,wilson,250
beta_four_types_support_probs,0.5,1000,25,qlr,mean_2,0.5000,0.536000,+0.036000,+0.072000,0.031604,0.474104,0.596807,wilson,250
beta_four_types_support_probs,0.05,1000,225,fkrb,theta,0.9500,0.954862,+0.004862,+0.005118,0.001562,0.951804,0.957884,bootstrap,250
beta_four_types_support_probs,0.05,1000,225,fkrb,mean_1,0.9500,0.936000,-0.014000,-0.014737,0.015511,0.898579,0.960225,wilson,250
beta_four_types_support_probs,0.05,1000,225,fkrb,mean_2,0.9500,0.960000,+0.010000,+0.010526,0.012418,0.927947,0.978130,wilson,250
beta_four_types_support_probs,0.05,1000,225,cp_wald,theta,0.9500,1.000000,+0.050000,+0.052632,0.000000,1.000000,1.000000,bootstrap,250
beta_four_types_support_probs,0.05,1000,225,cp_wald,mean_1,0.9500,1.000000,+0.050000,+0.052632,0.000000,0.984867,1.000000,wilson,250
beta_four_types_support_probs,0.05,1000,225,cp_wald,mean_2,0.9500,1.000000,+0.050000,+0.052632,0.000000,0.984867,1.000000,wilson,250
beta_four_types_support_probs,0.05,1000,225,qlr,theta,0.9500,0.992409,+0.042409,+0.044641,0.000255,0.991893,0.992907,bootstrap,250
beta_four_types_support_probs,0.05,1000,225,qlr,mean_1,0.9500,0.972000,+0.022000,+0.023158,0.010455,0.943342,0.986372,wilson,250
beta_four_types_support_probs,0.05,1000,225,qlr,mean_2,0.9500,0.980000,+0.030000,+0.031579,0.008872,0.954044,0.991428,wilson,250
beta_four_types_support_probs,0.5,1000,225,fkrb,theta,0.5000,0.725813,+0.225813,+0.451627,0.002379,0.721190,0.730507,bootstrap,250
beta_four_types_support_probs,0.5,1000,225,fkrb,mean_1,0.5000,0.404000,-0.096000,-0.192000,0.031097,0.345071,0.465835,wilson,250
beta_four_types_support_probs,0.5,1000,225,fkrb,mean_2,0.5000,0.528000,+0.028000,+0.056000,0.031636,0.466163,0.588990,wilson,250
beta_four_types_support_probs,0.5,1000,225,cp_wald,theta,0.5000,1.000000,+0.500000,+1.000000,0.000000,1.000000,1.000000,bootstrap,250
beta_four_types_support_probs,0.5,1000,225,cp_wald,mean_1,0.5000,1.000000,+0.500000,+1.000000,0.000000,0.984867,1.000000,wilson,250
beta_four_types_support_probs,0.5,1000,225,cp_wald,mean_2,0.5000,1.000000,+0.500000,+1.000000,0.000000,0.984867,1.000000,wilson,250
beta_four_types_support_probs,0.5,1000,225,qlr,theta,0.5000,0.979893,+0.479893,+0.959787,0.000281,0.979342,0.980444,bootstrap,250
beta_four_types_support_probs,0.5,1000,225,qlr,mean_1,0.5000,0.564000,+0.064000,+0.128000,0.031426,0.502021,0.624042,wilson,250
beta_four_types_support_probs,0.5,1000,225,qlr,mean_2,0.5000,0.508000,+0.008000,+0.016000,0.031682,0.446378,0.569380,wilson,250
beta_four_types_support_probs,0.05,10000,25,fkrb,theta,0.9500,0.969120,+0.019120,+0.020126,0.002877,0.963360,0.974720,bootstrap,250
beta_four_types_support_probs,0.05,10000,25,fkrb,mean_1,0.9500,0.928000,-0.022000,-0.023158,0.016381,0.889071,0.953974,wilson,250
beta_four_types_support_probs,0.05,10000,25,fkrb,mean_2,0.9500,0.956000,+0.006000,+0.006316,0.012997,0.922942,0.975256,wilson,250
beta_four_types_support_probs,0.05,10000,25,cp_wald,theta,0.9500,0.995040,+0.045040,+0.047411,0.000977,0.992960,0.996800,bootstrap,250
beta_four_types_support_probs,0.05,10000,25,cp_wald,mean_1,0.9500,1.000000,+0.050000,+0.052632,0.000000,0.984867,1.000000,wilson,250
beta_four_types_support_probs,0.05,10000,25,cp_wald,mean_2,0.9500,0.996000,+0.046000,+0.048421,0.004000,0.977694,0.999294,wilson,250
beta_four_types_support_probs,0.05,10000,25,qlr,theta,0.9500,0.968320,+0.018320,+0.019284,0.002531,0.963200,0.973120,bootstrap,250
beta_four_types_support_probs,0.05,10000,25,qlr,mean_1,0.9500,0.992000,+0.042000,+0.044211,0.005645,0.971305,0.997803,wilson,250
beta_four_types_support_probs,0.05,10000,25,qlr,mean_2,0.9500,0.964000,+0.014000,+0.014737,0.011806,0.933010,0.980947,wilson,250
beta_four_types_support_probs,0.5,10000,25,fkrb,theta,0.5000,0.709440,+0.209440,+0.418880,0.005619,0.698720,0.720320,bootstrap,250
beta_four_types_support_probs,0.5,10000,25,fkrb,mean_1,0.5000,0.504000,+0.004000,+0.008000,0.031685,0.442433,0.565446,wilson,250
beta_four_types_support_probs,0.5,10000,25,fkrb,mean_2,0.5000,0.532000,+0.032000,+0.064000,0.031621,0.470131,0.592900,wilson,250
beta_four_types_support_probs,0.5,10000,25,cp_wald,theta,0.5000,0.856640,+0.356640,+0.713280,0.005082,0.846720,0.866240,bootstrap,250
beta_four_types_support_probs,0.5,10000,25,cp_wald,mean_1,0.5000,0.924000,+0.424000,+0.848000,0.016794,0.884359,0.950808,wilson,250
beta_four_types_support_probs,0.5,10000,25,cp_wald,mean_2,0.5000,0.760000,+0.260000,+0.520000,0.027065,0.703380,0.808751,wilson,250
beta_four_types_support_probs,0.5,10000,25,qlr,theta,0.5000,0.792000,+0.292000,+0.584000,0.006201,0.779840,0.804480,bootstrap,250
beta_four_types_support_probs,0.5,10000,25,qlr,mean_1,0.5000,0.632000,+0.132000,+0.264000,0.030562,0.570642,0.689363,wilson,250
beta_four_types_support_probs,0.5,10000,25,qlr,mean_2,0.5000,0.688000,+0.188000,+0.376000,0.029361,0.628089,0.742221,wilson,250
beta_four_types_support_probs,0.05,10000,225,fkrb,theta,0.9500,0.957476,+0.007476,+0.007869,0.001503,0.954524,0.960391,bootstrap,250
beta_four_types_support_probs,0.05,10000,225,fkrb,mean_1,0.9500,0.952000,+0.002000,+0.002105,0.013547,0.917988,0.972332,wilson,250
beta_four_types_support_probs,0.05,10000,225,fkrb,mean_2,0.9500,0.972000,+0.022000,+0.023158,0.010455,0.943342,0.986372,wilson,250
beta_four_types_support_probs,0.05,10000,225,cp_wald,theta,0.9500,1.000000,+0.050000,+0.052632,0.000000,1.000000,1.000000,bootstrap,250
beta_four_types_support_probs,0.05,10000,225,cp_wald,mean_1,0.9500,1.000000,+0.050000,+0.052632,0.000000,0.984867,1.000000,wilson,250
beta_four_types_support_probs,0.05,10000,225,cp_wald,mean_2,0.9500,1.000000,+0.050000,+0.052632,0.000000,0.984867,1.000000,wilson,250
beta_four_types_support_probs,0.05,10000,225,qlr,theta,0.9500,0.993084,+0.043084,+0.045352,0.000271,0.992551,0.993618,bootstrap,250
beta_four_types_support_probs,0.05,10000,225,qlr,mean_1,0.9500,0.956000,+0.006000,+0.006316,0.012997,0.922942,0.975256,wilson,250
beta_four_types_support_probs,0.05,10000,225,qlr,mean_2,0.9500,0.948000,-0.002000,-0.002105,0.014070,0.913078,0.969362,wilson,250
beta_four_types_support_probs,0.5,10000,225,fkrb,theta,0.5000,0.729547,+0.229547,+0.459093,0.002568,0.724568,0.734613,bootstrap,250
beta_four_types_support_probs,0.5,10000,225,fkrb,mean_1,0.5000,0.508000,+0.008000,+0.016000,0.031682,0.446378,0.569380,wilson,250
beta_four_types_support_probs,0.5,10000,225,fkrb,mean_2,0.5000,0.544000,+0.044000,+0.088000,0.031563,0.482060,0.604608,wilson,250
beta_four_types_support_probs,0.5,10000,225,cp_wald,theta,0.5000,1.000000,+0.500000,+1.000000,0.000000,1.000000,1.000000,bootstrap,250
beta_four_types_support_probs,0.5,10000,225,cp_wald,mean_1,0.5000,1.000000,+0.500000,+1.000000,0.000000,0.984867,1.000000,wilson,250
beta_four_types_support_probs,0.5,10000,225,cp_wald,mean_2,0.5000,1.000000,+0.500000,+1.000000,0.000000,0.984867,1.000000,wilson,250
beta_four_types_support_probs,0.5,10000,225,qlr,theta,0.5000,0.979271,+0.479271,+0.958542,0.000343,0.978596,0.979947,bootstrap,250
beta_four_types_support_probs,0.5,10000,225,qlr,mean_1,0.5000,0.608000,+0.108000,+0.216000,0.030938,0.546287,0.666445,wilson,250
beta_four_types_support_probs,0.5,10000,225,qlr,mean_2,0.5000,0.600000,+0.100000,+0.200000,0.031046,0.538202,0.658772,wilson,250
beta_single_type_support_probs,0.05,1000,25,fkrb,theta,0.9500,0.976320,+0.026320,+0.027705,0.002093,0.972152,0.980320,bootstrap,250
beta_single_type_support_probs,0.05,1000,25,fkrb,mean_1,0.9500,0.932000,-0.018000,-0.018947,0.015954,0.893811,0.957114,wilson,250
beta_single_type_support_probs,0.05,1000,25,fkrb,mean_2,0.9500,0.956000,+0.006000,+0.006316,0.012997,0.922942,0.975256,wilson,250
beta_single_type_support_probs,0.05,1000,25,cp_wald,theta,0.9500,1.000000,+0.050000,+0.052632,0.000000,1.000000,1.000000,bootstrap,250
beta_single_type_support_probs,0.05,1000,25,cp_wald,mean_1,0.9500,1.000000,+0.050000,+0.052632,0.000000,0.984867,1.000000,wilson,250
beta_single_type_support_probs,0.05,1000,25,cp_wald,mean_2,0.9500,1.000000,+0.050000,+0.052632,0.000000,0.984867,1.000000,wilson,250
beta_single_type_support_probs,0.05,1000,25,qlr,theta,0.9500,0.984000,+0.034000,+0.035789,0.001302,0.981440,0.986560,bootstrap,250
beta_single_type_support_probs,0.05,1000,25,qlr,mean_1,0.9500,0.900000,-0.050000,-0.052632,0.019012,0.856548,0.931345,wilson,250
beta_single_type_support_probs,0.05,1000,25,qlr,mean_2,0.9500,0.976000,+0.026000,+0.027368,0.009699,0.948638,0.988955,wilson,250
beta_single_type_support_probs,0.5,1000,25,fkrb,theta,0.5000,0.746720,+0.246720,+0.493440,0.004556,0.737920,0.755520,bootstrap,250
beta_single_type_support_probs,0.5,1000,25,fkrb,mean_1,0.5000,0.500000,+0.000000,+0.000000,0.031686,0.438491,0.561509,wilson,250
beta_single_type_support_probs,0.5,1000,25,fkrb,mean_2,0.5000,0.544000,+0.044000,+0.088000,0.031563,0.482060,0.604608,wilson,250
beta_single_type_support_probs,0.5,1000,25,cp_wald,theta,0.5000,0.982880,+0.482880,+0.965760,0.001548,0.979840,0.985760,bootstrap,250
beta_single_type_support_probs,0.5,1000,25,cp_wald,mean_1,0.5000,1.000000,+0.500000,+1.000000,0.000000,0.984867,1.000000,wilson,250
beta_single_type_support_probs,0.5,1000,25,cp_wald,mean_2,0.5000,1.000000,+0.500000,+1.000000,0.000000,0.984867,1.000000,wilson,250
beta_single_type_support_probs,0.5,1000,25,qlr,theta,0.5000,0.933600,+0.433600,+0.867200,0.002357,0.928800,0.938080,bootstrap,250
beta_single_type_support_probs,0.5,1000,25,qlr,mean_1,0.5000,0.496000,-0.004000,-0.008000,0.031685,0.434554,0.557567,wilson,250
beta_single_type_support_probs,0.5,1000,25,qlr,mean_2,0.5000,0.572000,+0.072000,+0.144000,0.031356,0.510033,0.631788,wilson,250
beta_single_type_support_probs,0.05,1000,225,fkrb,theta,0.9500,0.953084,+0.003084,+0.003247,0.001581,0.949920,0.956142,bootstrap,250
beta_single_type_support_probs,0.05,1000,225,fkrb,mean_1,0.9500,0.956000,+0.006000,+0.006316,0.012997,0.922942,0.975256,wilson,250
beta_single_type_support_probs,0.05,1000,225,fkrb,mean_2,0.9500,0.948000,-0.002000,-0.002105,0.014070,0.913078,0.969362,wilson,250
beta_single_type_support_probs,0.05,1000,225,cp_wald,theta,0.9500,1.000000,+0.050000,+0.052632,0.000000,1.000000,1.000000,bootstrap,250
beta_single_type_support_probs,0.05,1000,225,cp_wald,mean_1,0.9500,1.000000,+0.050000,+0.052632,0.000000,0.984867,1.000000,wilson,250
beta_single_type_support_probs,0.05,1000,225,cp_wald,mean_2,0.9500,1.000000,+0.050000,+0.052632,0.000000,0.984867,1.000000,wilson,250
beta_single_type_support_probs,0.05,1000,225,qlr,theta,0.9500,0.997049,+0.047049,+0.049525,0.000133,0.996800,0.997316,bootstrap,250
beta_single_type_support_probs,0.05,1000,225,qlr,mean_1,0.9500,0.996000,+0.046000,+0.048421,0.004000,0.977694,0.999294,wilson,250
beta_single_type_support_probs,0.05,1000,225,qlr,mean_2,0.9500,1.000000,+0.050000,+0.052632,0.000000,0.984867,1.000000,wilson,250
beta_single_type_support_probs,0.5,1000,225,fkrb,theta,0.5000,0.728036,+0.228036,+0.456071,0.002143,0.723769,0.732302,bootstrap,250
beta_single_type_support_probs,0.5,1000,225,fkrb,mean_1,0.5000,0.496000,-0.004000,-0.008000,0.031685,0.434554,0.557567,wilson,250
beta_single_type_support_probs,0.5,1000,225,fkrb,mean_2,0.5000,0.464000,-0.036000,-0.072000,0.031604,0.403193,0.525896,wilson,250
beta_single_type_support_probs,0.5,1000,225,cp_wald,theta,0.5000,1.000000,+0.500000,+1.000000,0.000000,1.000000,1.000000,bootstrap,250
beta_single_type_support_probs,0.5,1000,225,cp_wald,mean_1,0.5000,1.000000,+0.500000,+1.000000,0.000000,0.984867,1.000000,wilson,250
beta_single_type_support_probs,0.5,1000,225,cp_wald,mean_2,0.5000,1.000000,+0.500000,+1.000000,0.000000,0.984867,1.000000,wilson,250
beta_single_type_support_probs,0.5,1000,225,qlr,theta,0.5000,0.994258,+0.494258,+0.988516,0.000149,0.993973,0.994542,bootstrap,250
beta_single_type_support_probs,0.5,1000,225,qlr,mean_1,0.5000,0.740000,+0.240000,+0.480000,0.027797,0.682286,0.790450,wilson,250
beta_single_type_support_probs,0.5,1000,225,qlr,mean_2,0.5000,0.728000,+0.228000,+0.456000,0.028200,0.669699,0.779400,wilson,250
beta_single_type_support_probs,0.05,10000,25,fkrb,theta,0.9500,0.973440,+0.023440,+0.024674,0.002243,0.968960,0.977760,bootstrap,250
beta_single_type_support_probs,0.05,10000,25,fkrb,mean_1,0.9500,0.956000,+0.006000,+0.006316,0.012997,0.922942,0.975256,wilson,250
beta_single_type_support_probs,0.05,10000,25,fkrb,mean_2,0.9500,0.936000,-0.014000,-0.014737,0.015511,0.898579,0.960225,wilson,250
beta_single_type_support_probs,0.05,10000,25,cp_wald,theta,0.9500,0.999040,+0.049040,+0.051621,0.000388,0.998240,0.999680,bootstrap,250
beta_single_type_support_probs,0.05,10000,25,cp_wald,mean_1,0.9500,1.000000,+0.050000,+0.052632,0.000000,0.984867,1.000000,wilson,250
beta_single_type_support_probs,0.05,10000,25,cp_wald,mean_2,0.9500,1.000000,+0.050000,+0.052632,0.000000,0.984867,1.000000,wilson,250
beta_single_type_support_probs,0.05,10000,25,qlr,theta,0.9500,0.983200,+0.033200,+0.034947,0.001642,0.980000,0.986400,bootstrap,250
beta_single_type_support_probs,0.05,10000,25,qlr,mean_1,0.9500,0.956000,+0.006000,+0.006316,0.012997,0.922942,0.975256,wilson,250
beta_single_type_support_probs,0.05,10000,25,qlr,mean_2,0.9500,0.784000,-0.166000,-0.174737,0.026079,0.728897,0.830508,wilson,250
beta_single_type_support_probs,0.5,10000,25,fkrb,theta,0.5000,0.748320,+0.248320,+0.496640,0.004766,0.739040,0.757600,bootstrap,250
beta_single_type_support_probs,0.5,10000,25,fkrb,mean_1,0.5000,0.492000,-0.008000,-0.016000,0.031682,0.430620,0.553622,wilson,250
beta_single_type_support_probs,0.5,10000,25,fkrb,mean_2,0.5000,0.540000,+0.040000,+0.080000,0.031585,0.478080,0.600709,wilson,250
beta_single_type_support_probs,0.5,10000,25,cp_wald,theta,0.5000,0.969120,+0.469120,+0.938240,0.001697,0.965760,0.972320,bootstrap,250
beta_single_type_support_probs,0.5,10000,25,cp_wald,mean_1,0.5000,1.000000,+0.500000,+1.000000,0.000000,0.984867,1.000000,wilson,250
beta_single_type_support_probs,0.5,10000,25,cp_wald,mean_2,0.5000,1.000000,+0.500000,+1.000000,0.000000,0.984867,1.000000,wilson,250
beta_single_type_support_probs,0.5,10000,25,qlr,theta,0.5000,0.949920,+0.449920,+0.899840,0.002891,0.944320,0.955360,bootstrap,250
beta_single_type_support_probs,0.5,10000,25,qlr,mean_1,0.5000,0.752000,+0.252000,+0.504000,0.027367,0.694924,0.801448,wilson,250
beta_single_type_support_probs,0.5,10000,25,qlr,mean_2,0.5000,0.660000,+0.160000,+0.320000,0.030020,0.599254,0.715903,wilson,250
beta_single_type_support_probs,0.05,10000,225,fkrb,theta,0.9500,0.959964,+0.009964,+0.010489,0.001432,0.957102,0.962739,bootstrap,250
beta_single_type_support_probs,0.05,10000,225,fkrb,mean_1,0.9500,0.952000,+0.002000,+0.002105,0.013547,0.917988,0.972332,wilson,250
beta_single_type_support_probs,0.05,10000,225,fkrb,mean_2,0.9500,0.944000,-0.006000,-0.006316,0.014571,0.908209,0.966352,wilson,250
beta_single_type_support_probs,0.05,10000,225,cp_wald,theta,0.9500,1.000000,+0.050000,+0.052632,0.000000,1.000000,1.000000,bootstrap,250
beta_single_type_support_probs,0.05,10000,225,cp_wald,mean_1,0.9500,1.000000,+0.050000,+0.052632,0.000000,0.984867,1.000000,wilson,250
beta_single_type_support_probs,0.05,10000,225,cp_wald,mean_2,0.9500,1.000000,+0.050000,+0.052632,0.000000,0.984867,1.000000,wilson,250
beta_single_type_support_probs,0.05,10000,225,qlr,theta,0.9500,0.997351,+0.047351,+0.049843,0.000138,0.997084,0.997618,bootstrap,250
beta_single_type_support_probs,0.05,10000,225,qlr,mean_1,0.9500,0.996000,+0.046000,+0.048421,0.004000,0.977694,0.999294,wilson,250
beta_single_type_support_probs,0.05,10000,225,qlr,mean_2,0.9500,1.000000,+0.050000,+0.052632,0.000000,0.984867,1.000000,wilson,250
beta_single_type_support_probs,0.5,10000,225,fkrb,theta,0.5000,0.735822,+0.235822,+0.471644,0.002423,0.731182,0.740676,bootstrap,250
beta_single_type_support_probs,0.5,10000,225,fkrb,mean_1,0.5000,0.520000,+0.020000,+0.040000,0.031661,0.458237,0.581158,wilson,250
beta_single_type_support_probs,0.5,10000,225,fkrb,mean_2,0.5000,0.536000,+0.036000,+0.072000,0.031604,0.474104,0.596807,wilson,250
beta_single_type_support_probs,0.5,10000,225,cp_wald,theta,0.5000,1.000000,+0.500000,+1.000000,0.000000,1.000000,1.000000,bootstrap,250
beta_single_type_support_probs,0.5,10000,225,cp_wald,mean_1,0.5000,1.000000,+0.500000,+1.000000,0.000000,0.984867,1.000000,wilson,250
beta_single_type_support_probs,0.5,10000,225,cp_wald,mean_2,0.5000,1.000000,+0.500000,+1.000000,0.000000,0.984867,1.000000,wilson,250
beta_single_type_support_probs,0.5,10000,225,qlr,theta,0.5000,0.994702,+0.494702,+0.989404,0.000132,0.994436,0.994951,bootstrap,250
beta_single_type_support_probs,0.5,10000,225,qlr,mean_1,0.5000,0.784000,+0.284000,+0.568000,0.026079,0.728897,0.830508,wilson,250
beta_single_type_support_probs,0.5,10000,225,qlr,mean_2,0.5000,0.728000,+0.228000,+0.456000,0.028200,0.669699,0.779400,wilson,250
beta_strictly_uniform_support_probs,0.05,1000,25,fkrb,theta,0.9500,0.943840,-0.006160,-0.006484,0.003901,0.936152,0.951360,bootstrap,250
beta_strictly_uniform_support_probs,0.05,1000,25,fkrb,mean_1,0.9500,0.940000,-0.010000,-0.010526,0.015050,0.903377,0.963306,wilson,250
beta_strictly_uniform_support_probs,0.05,1000,25,fkrb,mean_2,0.9500,0.960000,+0.010000,+0.010526,0.012418,0.927947,0.978130,wilson,250
beta_strictly_uniform_support_probs,0.05,1000,25,cp_wald,theta,0.9500,0.999360,+0.049360,+0.051958,0.000318,0.998720,0.999840,bootstrap,250
beta_strictly_uniform_support_probs,0.05,1000,25,cp_wald,mean_1,0.9500,1.000000,+0.050000,+0.052632,0.000000,0.984867,1.000000,wilson,250
beta_strictly_uniform_support_probs,0.05,1000,25,cp_wald,mean_2,0.9500,1.000000,+0.050000,+0.052632,0.000000,0.984867,1.000000,wilson,250
beta_strictly_uniform_support_probs,0.05,1000,25,qlr,theta,0.9500,0.991520,+0.041520,+0.043705,0.001197,0.989280,0.993760,bootstrap,250
beta_strictly_uniform_support_probs,0.05,1000,25,qlr,mean_1,0.9500,0.996000,+0.046000,+0.048421,0.004000,0.977694,0.999294,wilson,250
beta_strictly_uniform_support_probs,0.05,1000,25,qlr,mean_2,0.9500,0.976000,+0.026000,+0.027368,0.009699,0.948638,0.988955,wilson,250
beta_strictly_uniform_support_probs,0.5,1000,25,fkrb,theta,0.5000,0.494560,-0.005440,-0.010880,0.008740,0.477752,0.512000,bootstrap,250
beta_strictly_uniform_support_probs,0.5,1000,25,fkrb,mean_1,0.5000,0.444000,-0.056000,-0.112000,0.031487,0.383720,0.505975,wilson,250
beta_strictly_uniform_support_probs,0.5,1000,25,fkrb,mean_2,0.5000,0.500000,+0.000000,+0.000000,0.031686,0.438491,0.561509,wilson,250
beta_strictly_uniform_support_probs,0.5,1000,25,cp_wald,theta,0.5000,0.916160,+0.416160,+0.832320,0.003205,0.910080,0.922400,bootstrap,250
beta_strictly_uniform_support_probs,0.5,1000,25,cp_wald,mean_1,0.5000,0.972000,+0.472000,+0.944000,0.010455,0.943342,0.986372,wilson,250
beta_strictly_uniform_support_probs,0.5,1000,25,cp_wald,mean_2,0.5000,0.840000,+0.340000,+0.680000,0.023233,0.789463,0.880246,wilson,250
beta_strictly_uniform_support_probs,0.5,1000,25,qlr,theta,0.5000,0.600640,+0.100640,+0.201280,0.008215,0.584800,0.616640,bootstrap,250
beta_strictly_uniform_support_probs,0.5,1000,25,qlr,mean_1,0.5000,0.604000,+0.104000,+0.208000,0.030993,0.542242,0.662610,wilson,250
beta_strictly_uniform_support_probs,0.5,1000,25,qlr,mean_2,0.5000,0.580000,+0.080000,+0.160000,0.031278,0.518061,0.639518,wilson,250
beta_strictly_uniform_support_probs,0.05,1000,225,fkrb,theta,0.9500,0.908071,-0.041929,-0.044136,0.003090,0.901991,0.914009,bootstrap,250
beta_strictly_uniform_support_probs,0.05,1000,225,fkrb,mean_1,0.9500,0.960000,+0.010000,+0.010526,0.012418,0.927947,0.978130,wilson,250
beta_strictly_uniform_support_probs,0.05,1000,225,fkrb,mean_2,0.9500,0.952000,+0.002000,+0.002105,0.013547,0.917988,0.972332,wilson,250
beta_strictly_uniform_support_probs,0.05,1000,225,cp_wald,theta,0.9500,1.000000,+0.050000,+0.052632,0.000000,1.000000,1.000000,bootstrap,250
beta_strictly_uniform_support_probs,0.05,1000,225,cp_wald,mean_1,0.9500,1.000000,+0.050000,+0.052632,0.000000,0.984867,1.000000,wilson,250
beta_strictly_uniform_support_probs,0.05,1000,225,cp_wald,mean_2,0.9500,1.000000,+0.050000,+0.052632,0.000000,0.984867,1.000000,wilson,250
beta_strictly_uniform_support_probs,0.05,1000,225,qlr,theta,0.9500,1.000000,+0.050000,+0.052632,0.000000,1.000000,1.000000,bootstrap,250
beta_strictly_uniform_support_probs,0.05,1000,225,qlr,mean_1,0.9500,0.988000,+0.038000,+0.040000,0.006900,0.965319,0.995911,wilson,250
beta_strictly_uniform_support_probs,0.05,1000,225,qlr,mean_2,0.9500,0.996000,+0.046000,+0.048421,0.004000,0.977694,0.999294,wilson,250
beta_strictly_uniform_support_probs,0.5,1000,225,fkrb,theta,0.5000,0.451520,-0.048480,-0.096960,0.004580,0.442489,0.460428,bootstrap,250
beta_strictly_uniform_support_probs,0.5,1000,225,fkrb,mean_1,0.5000,0.460000,-0.040000,-0.080000,0.031585,0.399291,0.521920,wilson,250
beta_strictly_uniform_support_probs,0.5,1000,225,fkrb,mean_2,0.5000,0.520000,+0.020000,+0.040000,0.031661,0.458237,0.581158,wilson,250
beta_strictly_uniform_support_probs,0.5,1000,225,cp_wald,theta,0.5000,1.000000,+0.500000,+1.000000,0.000000,1.000000,1.000000,bootstrap,250
beta_strictly_uniform_support_probs,0.5,1000,225,cp_wald,mean_1,0.5000,1.000000,+0.500000,+1.000000,0.000000,0.984867,1.000000,wilson,250
beta_strictly_uniform_support_probs,0.5,1000,225,cp_wald,mean_2,0.5000,1.000000,+0.500000,+1.000000,0.000000,0.984867,1.000000,wilson,250
beta_strictly_uniform_support_probs,0.5,1000,225,qlr,theta,0.5000,0.996053,+0.496053,+0.992107,0.000349,0.995342,0.996693,bootstrap,250
beta_strictly_uniform_support_probs,0.5,1000,225,qlr,mean_1,0.5000,0.632000,+0.132000,+0.264000,0.030562,0.570642,0.689363,wilson,250
beta_strictly_uniform_support_probs,0.5,1000,225,qlr,mean_2,0.5000,0.652000,+0.152000,+0.304000,0.030187,0.591057,0.708343,wilson,250
beta_strictly_uniform_support_probs,0.05,10000,25,fkrb,theta,0.9500,0.950080,+0.000080,+0.000084,0.003433,0.943200,0.956640,bootstrap,250
beta_strictly_uniform_support_probs,0.05,10000,25,fkrb,mean_1,0.9500,0.964000,+0.014000,+0.014737,0.011806,0.933010,0.980947,wilson,250
beta_strictly_uniform_support_probs,0.05,10000,25,fkrb,mean_2,0.9500,0.944000,-0.006000,-0.006316,0.014571,0.908209,0.966352,wilson,250
beta_strictly_uniform_support_probs,0.05,10000,25,cp_wald,theta,0.9500,0.990720,+0.040720,+0.042863,0.001247,0.988160,0.993120,bootstrap,250
beta_strictly_uniform_support_probs,0.05,10000,25,cp_wald,mean_1,0.9500,1.000000,+0.050000,+0.052632,0.000000,0.984867,1.000000,wilson,250
beta_strictly_uniform_support_probs,0.05,10000,25,cp_wald,mean_2,0.9500,0.988000,+0.038000,+0.040000,0.006900,0.965319,0.995911,wilson,250
beta_strictly_uniform_support_probs,0.05,10000,25,qlr,theta,0.9500,0.970400,+0.020400,+0.021474,0.002605,0.965120,0.975360,bootstrap,250
beta_strictly_uniform_support_probs,0.05,10000,25,qlr,mean_1,0.9500,0.968000,+0.018000,+0.018947,0.011154,0.938138,0.983698,wilson,250
beta_strictly_uniform_support_probs,0.05,10000,25,qlr,mean_2,0.9500,0.960000,+0.010000,+0.010526,0.012418,0.927947,0.978130,wilson,250
beta_strictly_uniform_support_probs,0.5,10000,25,fkrb,theta,0.5000,0.501600,+0.001600,+0.003200,0.008166,0.485920,0.517600,bootstrap,250
beta_strictly_uniform_support_probs,0.5,10000,25,fkrb,mean_1,0.5000,0.488000,-0.012000,-0.024000,0.031677,0.426690,0.549673,wilson,250
beta_strictly_uniform_support_probs,0.5,10000,25,fkrb,mean_2,0.5000,0.500000,+0.000000,+0.000000,0.031686,0.438491,0.561509,wilson,250
beta_strictly_uniform_support_probs,0.5,10000,25,cp_wald,theta,0.5000,0.656160,+0.156160,+0.312320,0.006263,0.644000,0.668640,bootstrap,250
beta_strictly_uniform_support_probs,0.5,10000,25,cp_wald,mean_1,0.5000,0.836000,+0.336000,+0.672000,0.023465,0.785082,0.876749,wilson,250
beta_strictly_uniform_support_probs,0.5,10000,25,cp_wald,mean_2,0.5000,0.652000,+0.152000,+0.304000,0.030187,0.591057,0.708343,wilson,250
beta_strictly_uniform_support_probs,0.5,10000,25,qlr,theta,0.5000,0.532320,+0.032320,+0.064640,0.007915,0.516960,0.547848,bootstrap,250
beta_strictly_uniform_support_probs,0.5,10000,25,qlr,mean_1,0.5000,0.544000,+0.044000,+0.088000,0.031563,0.482060,0.604608,wilson,250
beta_strictly_uniform_support_probs,0.5,10000,25,qlr,mean_2,0.5000,0.588000,+0.088000,+0.176000,0.031192,0.526105,0.647232,wilson,250
beta_strictly_uniform_support_probs,0.05,10000,225,fkrb,theta,0.9500,0.938773,-0.011227,-0.011818,0.002510,0.933813,0.943609,bootstrap,250
beta_strictly_uniform_support_probs,0.05,10000,225,fkrb,mean_1,0.9500,0.904000,-0.046000,-0.048421,0.018669,0.861134,0.934638,wilson,250
beta_strictly_uniform_support_probs,0.05,10000,225,fkrb,mean_2,0.9500,0.948000,-0.002000,-0.002105,0.014070,0.913078,0.969362,wilson,250
beta_strictly_uniform_support_probs,0.05,10000,225,cp_wald,theta,0.9500,1.000000,+0.050000,+0.052632,0.000000,1.000000,1.000000,bootstrap,250
beta_strictly_uniform_support_probs,0.05,10000,225,cp_wald,mean_1,0.9500,1.000000,+0.050000,+0.052632,0.000000,0.984867,1.000000,wilson,250
beta_strictly_uniform_support_probs,0.05,10000,225,cp_wald,mean_2,0.9500,1.000000,+0.050000,+0.052632,0.000000,0.984867,1.000000,wilson,250
beta_strictly_uniform_support_probs,0.05,10000,225,qlr,theta,0.9500,1.000000,+0.050000,+0.052632,0.000000,1.000000,1.000000,bootstrap,250
beta_strictly_uniform_support_probs,0.05,10000,225,qlr,mean_1,0.9500,0.992000,+0.042000,+0.044211,0.005645,0.971305,0.997803,wilson,250
beta_strictly_uniform_support_probs,0.05,10000,225,qlr,mean_2,0.9500,1.000000,+0.050000,+0.052632,0.000000,0.984867,1.000000,wilson,250
beta_strictly_uniform_support_probs,0.5,10000,225,fkrb,theta,0.5000,0.487058,-0.012942,-0.025884,0.004661,0.478009,0.496285,bootstrap,250
beta_strictly_uniform_support_probs,0.5,10000,225,fkrb,mean_1,0.5000,0.460000,-0.040000,-0.080000,0.031585,0.399291,0.521920,wilson,250
beta_strictly_uniform_support_probs,0.5,10000,225,fkrb,mean_2,0.5000,0.548000,+0.048000,+0.096000,0.031540,0.486045,0.608503,wilson,250
beta_strictly_uniform_support_probs,0.5,10000,225,cp_wald,theta,0.5000,1.000000,+0.500000,+1.000000,0.000000,1.000000,1.000000,bootstrap,250
beta_strictly_uniform_support_probs,0.5,10000,225,cp_wald,mean_1,0.5000,1.000000,+0.500000,+1.000000,0.000000,0.984867,1.000000,wilson,250
beta_strictly_uniform_support_probs,0.5,10000,225,cp_wald,mean_2,0.5000,1.000000,+0.500000,+1.000000,0.000000,0.984867,1.000000,wilson,250
beta_strictly_uniform_support_probs,0.5,10000,225,qlr,theta,0.5000,0.978791,+0.478791,+0.957582,0.003072,0.972302,0.984250,bootstrap,250
beta_strictly_uniform_support_probs,0.5,10000,225,qlr,mean_1,0.5000,0.844000,+0.344000,+0.688000,0.022995,0.793854,0.883734,wilson,250
beta_strictly_uniform_support_probs,0.5,10000,225,qlr,mean_2,0.5000,0.864000,+0.364000,+0.728000,0.021723,0.815964,0.901019,wilson,250
beta_tight_normal_support_probs,0.05,1000,25,fkrb,theta,0.9500,0.944320,-0.005680,-0.005979,0.004240,0.935840,0.952480,bootstrap,250
beta_tight_normal_support_probs,0.05,1000,25,fkrb,mean_1,0.9500,0.964000,+0.014000,+0.014737,0.011806,0.933010,0.980947,wilson,250
beta_tight_normal_support_probs,0.05,1000,25,fkrb,mean_2,0.9500,0.916000,-0.034000,-0.035789,0.017579,0.875005,0.944404,wilson,250
beta_tight_normal_support_probs,0.05,1000,25,cp_wald,theta,0.9500,0.999680,+0.049680,+0.052295,0.000226,0.999200,1.000000,bootstrap,250
beta_tight_normal_support_probs,0.05,1000,25,cp_wald,mean_1,0.9500,1.000000,+0.050000,+0.052632,0.000000,0.984867,1.000000,wilson,250
beta_tight_normal_support_probs,0.05,1000,25,cp_wald,mean_2,0.9500,1.000000,+0.050000,+0.052632,0.000000,0.984867,1.000000,wilson,250
beta_tight_normal_support_probs,0.05,1000,25,qlr,theta,0.9500,0.990400,+0.040400,+0.042526,0.001448,0.987520,0.993120,bootstrap,250
beta_tight_normal_support_probs,0.05,1000,25,qlr,mean_1,0.9500,0.988000,+0.038000,+0.040000,0.006900,0.965319,0.995911,wilson,250
beta_tight_normal_support_probs,0.05,1000,25,qlr,mean_2,0.9500,0.992000,+0.042000,+0.044211,0.005645,0.971305,0.997803,wilson,250
beta_tight_normal_support_probs,0.5,1000,25,fkrb,theta,0.5000,0.485120,-0.014880,-0.029760,0.008589,0.468000,0.501760,bootstrap,250
beta_tight_normal_support_probs,0.5,1000,25,fkrb,mean_1,0.5000,0.464000,-0.036000,-0.072000,0.031604,0.403193,0.525896,wilson,250
beta_tight_normal_support_probs,0.5,1000,25,fkrb,mean_2,0.5000,0.488000,-0.012000,-0.024000,0.031677,0.426690,0.549673,wilson,250
beta_tight_normal_support_probs,0.5,1000,25,cp_wald,theta,0.5000,0.947520,+0.447520,+0.895040,0.003091,0.941280,0.953600,bootstrap,250
beta_tight_normal_support_probs,0.5,1000,25,cp_wald,mean_1,0.5000,1.000000,+0.500000,+1.000000,0.000000,0.984867,1.000000,wilson,250
beta_tight_normal_support_probs,0.5,1000,25,cp_wald,mean_2,0.5000,0.988000,+0.488000,+0.976000,0.006900,0.965319,0.995911,wilson,250
beta_tight_normal_support_probs,0.5,1000,25,qlr,theta,0.5000,0.804640,+0.304640,+0.609280,0.005350,0.794080,0.815200,bootstrap,250
beta_tight_normal_support_probs,0.5,1000,25,qlr,mean_1,0.5000,0.664000,+0.164000,+0.328000,0.029933,0.603359,0.719677,wilson,250
beta_tight_normal_support_probs,0.5,1000,25,qlr,mean_2,0.5000,0.640000,+0.140000,+0.280000,0.030419,0.578795,0.696968,wilson,250
beta_tight_normal_support_probs,0.05,1000,225,fkrb,theta,0.9500,0.900267,-0.049733,-0.052351,0.003148,0.894133,0.906311,bootstrap,250
beta_tight_normal_support_probs,0.05,1000,225,fkrb,mean_1,0.9500,0.972000,+0.022000,+0.023158,0.010455,0.943342,0.986372,wilson,250
beta_tight_normal_support_probs,0.05,1000,225,fkrb,mean_2,0.9500,0.980000,+0.030000,+0.031579,0.008872,0.954044,0.991428,wilson,250
beta_tight_normal_support_probs,0.05,1000,225,cp_wald,theta,0.9500,1.000000,+0.050000,+0.052632,0.000000,1.000000,1.000000,bootstrap,250
beta_tight_normal_support_probs,0.05,1000,225,cp_wald,mean_1,0.9500,1.000000,+0.050000,+0.052632,0.000000,0.984867,1.000000,wilson,250
beta_tight_normal_support_probs,0.05,1000,225,cp_wald,mean_2,0.9500,1.000000,+0.050000,+0.052632,0.000000,0.984867,1.000000,wilson,250
beta_tight_normal_support_probs,0.05,1000,225,qlr,theta,0.9500,0.999982,+0.049982,+0.052613,0.000018,0.999947,1.000000,bootstrap,250
beta_tight_normal_support_probs,0.05,1000,225,qlr,mean_1,0.9500,0.992000,+0.042000,+0.044211,0.005645,0.971305,0.997803,wilson,250
beta_tight_normal_support_probs,0.05,1000,225,qlr,mean_2,0.9500,0.996000,+0.046000,+0.048421,0.004000,0.977694,0.999294,wilson,250
beta_tight_normal_support_probs,0.5,1000,225,fkrb,theta,0.5000,0.454311,-0.045689,-0.091378,0.004488,0.445582,0.463342,bootstrap,250
beta_tight_normal_support_probs,0.5,1000,225,fkrb,mean_1,0.5000,0.504000,+0.004000,+0.008000,0.031685,0.442433,0.565446,wilson,250
beta_tight_normal_support_probs,0.5,1000,225,fkrb,mean_2,0.5000,0.548000,+0.048000,+0.096000,0.031540,0.486045,0.608503,wilson,250
beta_tight_normal_support_probs,0.5,1000,225,cp_wald,theta,0.5000,1.000000,+0.500000,+1.000000,0.000000,1.000000,1.000000,bootstrap,250
beta_tight_normal_support_probs,0.5,1000,225,cp_wald,mean_1,0.5000,1.000000,+0.500000,+1.000000,0.000000,0.984867,1.000000,wilson,250
beta_tight_normal_support_probs,0.5,1000,225,cp_wald,mean_2,0.5000,1.000000,+0.500000,+1.000000,0.000000,0.984867,1.000000,wilson,250
beta_tight_normal_support_probs,0.5,1000,225,qlr,theta,0.5000,0.987964,+0.487964,+0.975929,0.000712,0.986524,0.989333,bootstrap,250
beta_tight_normal_support_probs,0.5,1000,225,qlr,mean_1,0.5000,0.640000,+0.140000,+0.280000,0.030419,0.578795,0.696968,wilson,250
beta_tight_normal_support_probs,0.5,1000,225,qlr,mean_2,0.5000,0.592000,+0.092000,+0.184000,0.031145,0.530133,0.651082,wilson,250
beta_tight_normal_support_probs,0.05,10000,25,fkrb,theta,0.9500,0.947200,-0.002800,-0.002947,0.004051,0.939032,0.954880,bootstrap,250
beta_tight_normal_support_probs,0.05,10000,25,fkrb,mean_1,0.9500,0.964000,+0.014000,+0.014737,0.011806,0.933010,0.980947,wilson,250
beta_tight_normal_support_probs,0.05,10000,25,fkrb,mean_2,0.9500,0.944000,-0.006000,-0.006316,0.014571,0.908209,0.966352,wilson,250
beta_tight_normal_support_probs,0.05,10000,25,cp_wald,theta,0.9500,0.997600,+0.047600,+0.050105,0.000602,0.996320,0.998720,bootstrap,250
beta_tight_normal_support_probs,0.05,10000,25,cp_wald,mean_1,0.9500,1.000000,+0.050000,+0.052632,0.000000,0.984867,1.000000,wilson,250
beta_tight_normal_support_probs,0.05,10000,25,cp_wald,mean_2,0.9500,1.000000,+0.050000,+0.052632,0.000000,0.984867,1.000000,wilson,250
beta_tight_normal_support_probs,0.05,10000,25,qlr,theta,0.9500,0.976960,+0.026960,+0.028379,0.002318,0.972320,0.981440,bootstrap,250
beta_tight_normal_support_probs,0.05,10000,25,qlr,mean_1,0.9500,0.988000,+0.038000,+0.040000,0.006900,0.965319,0.995911,wilson,250
beta_tight_normal_support_probs,0.05,10000,25,qlr,mean_2,0.9500,0.992000,+0.042000,+0.044211,0.005645,0.971305,0.997803,wilson,250
beta_tight_normal_support_probs,0.5,10000,25,fkrb,theta,0.5000,0.488960,-0.011040,-0.022080,0.008028,0.473120,0.504800,bootstrap,250
beta_tight_normal_support_probs,0.5,10000,25,fkrb,mean_1,0.5000,0.560000,+0.060000,+0.120000,0.031457,0.498021,0.620163,wilson,250
beta_tight_normal_support_probs,0.5,10000,25,fkrb,mean_2,0.5000,0.436000,-0.064000,-0.128000,0.031426,0.375958,0.497979,wilson,250
beta_tight_normal_support_probs,0.5,10000,25,cp_wald,theta,0.5000,0.886720,+0.386720,+0.773440,0.004027,0.878880,0.894720,bootstrap,250
beta_tight_normal_support_probs,0.5,10000,25,cp_wald,mean_1,0.5000,0.992000,+0.492000,+0.984000,0.005645,0.971305,0.997803,wilson,250
beta_tight_normal_support_probs,0.5,10000,25,cp_wald,mean_2,0.5000,0.916000,+0.416000,+0.832000,0.017579,0.875005,0.944404,wilson,250
beta_tight_normal_support_probs,0.5,10000,25,qlr,theta,0.5000,0.757280,+0.257280,+0.514560,0.007818,0.741920,0.772640,bootstrap,250
beta_tight_normal_support_probs,0.5,10000,25,qlr,mean_1,0.5000,0.840000,+0.340000,+0.680000,0.023233,0.789463,0.880246,wilson,250
beta_tight_normal_support_probs,0.5,10000,25,qlr,mean_2,0.5000,0.808000,+0.308000,+0.616000,0.024961,0.754662,0.852016,wilson,250
beta_tight_normal_support_probs,0.05,10000,225,fkrb,theta,0.9500,0.921849,-0.028151,-0.029633,0.002601,0.916676,0.926951,bootstrap,250
beta_tight_normal_support_probs,0.05,10000,225,fkrb,mean_1,0.9500,0.964000,+0.014000,+0.014737,0.011806,0.933010,0.980947,wilson,250
beta_tight_normal_support_probs,0.05,10000,225,fkrb,mean_2,0.9500,0.944000,-0.006000,-0.006316,0.014571,0.908209,0.966352,wilson,250
beta_tight_normal_support_probs,0.05,10000,225,cp_wald,theta,0.9500,1.000000,+0.050000,+0.052632,0.000000,1.000000,1.000000,bootstrap,250
beta_tight_normal_support_probs,0.05,10000,225,cp_wald,mean_1,0.9500,1.000000,+0.050000,+0.052632,0.000000,0.984867,1.000000,wilson,250
beta_tight_normal_support_probs,0.05,10000,225,cp_wald,mean_2,0.9500,1.000000,+0.050000,+0.052632,0.000000,0.984867,1.000000,wilson,250
beta_tight_normal_support_probs,0.05,10000,225,qlr,theta,0.9500,1.000000,+0.050000,+0.052632,0.000000,1.000000,1.000000,bootstrap,250
beta_tight_normal_support_probs,0.05,10000,225,qlr,mean_1,0.9500,0.996000,+0.046000,+0.048421,0.004000,0.977694,0.999294,wilson,250
beta_tight_normal_support_probs,0.05,10000,225,qlr,mean_2,0.9500,0.992000,+0.042000,+0.044211,0.005645,0.971305,0.997803,wilson,250
beta_tight_normal_support_probs,0.5,10000,225,fkrb,theta,0.5000,0.479271,-0.020729,-0.041458,0.004091,0.471307,0.487361,bootstrap,250
beta_tight_normal_support_probs,0.5,10000,225,fkrb,mean_1,0.5000,0.492000,-0.008000,-0.016000,0.031682,0.430620,0.553622,wilson,250
beta_tight_normal_support_probs,0.5,10000,225,fkrb,mean_2,0.5000,0.532000,+0.032000,+0.064000,0.031621,0.470131,0.592900,wilson,250
beta_tight_normal_support_probs,0.5,10000,225,cp_wald,theta,0.5000,1.000000,+0.500000,+1.000000,0.000000,1.000000,1.000000,bootstrap,250
beta_tight_normal_support_probs,0.5,10000,225,cp_wald,mean_1,0.5000,1.000000,+0.500000,+1.000000,0.000000,0.984867,1.000000,wilson,250
beta_tight_normal_support_probs,0.5,10000,225,cp_wald,mean_2,0.5000,1.000000,+0.500000,+1.000000,0.000000,0.984867,1.000000,wilson,250
beta_tight_normal_support_probs,0.5,10000,225,qlr,theta,0.5000,0.980213,+0.480213,+0.960427,0.001141,0.977902,0.982329,bootstrap,250
beta_tight_normal_support_probs,0.5,10000,225,qlr,mean_1,0.5000,0.744000,+0.244000,+0.488000,0.027657,0.686493,0.794122,wilson,250
beta_tight_normal_support_probs,0.5,10000,225,qlr,mean_2,0.5000,0.764000,+0.264000,+0.528000,0.026909,0.707616,0.812393,wilson,250
beta_wide_normal_support_probs,0.05,1000,25,fkrb,theta,0.9500,0.942240,-0.007760,-0.008168,0.004360,0.933280,0.950720,bootstrap,250
beta_wide_normal_support_probs,0.05,1000,25,fkrb,mean_1,0.9500,0.960000,+0.010000,+0.010526,0.012418,0.927947,0.978130,wilson,250
beta_wide_normal_support_probs,0.05,1000,25,fkrb,mean_2,0.9500,0.932000,-0.018000,-0.018947,0.015954,0.893811,0.957114,wilson,250
beta_wide_normal_support_probs,0.05,1000,25,cp_wald,theta,0.9500,0.999680,+0.049680,+0.052295,0.000226,0.999200,1.000000,bootstrap,250
beta_wide_normal_support_probs,0.05,1000,25,cp_wald,mean_1,0.9500,1.000000,+0.050000,+0.052632,0.000000,0.984867,1.000000,wilson,250
beta_wide_normal_support_probs,0.05,1000,25,cp_wald,mean_2,0.9500,1.000000,+0.050000,+0.052632,0.000000,0.984867,1.000000,wilson,250
beta_wide_normal_support_probs,0.05,1000,25,qlr,theta,0.9500,0.991840,+0.041840,+0.044042,0.001385,0.988960,0.994400,bootstrap,250
beta_wide_normal_support_probs,0.05,1000,25,qlr,mean_1,0.9500,0.988000,+0.038000,+0.040000,0.006900,0.965319,0.995911,wilson,250
beta_wide_normal_support_probs,0.05,1000,25,qlr,mean_2,0.9500,0.980000,+0.030000,+0.031579,0.008872,0.954044,0.991428,wilson,250
beta_wide_normal_support_probs,0.5,1000,25,fkrb,theta,0.5000,0.493920,-0.006080,-0.012160,0.008356,0.477600,0.510720,bootstrap,250
beta_wide_normal_support_probs,0.5,1000,25,fkrb,mean_1,0.5000,0.556000,+0.056000,+0.112000,0.031487,0.494025,0.616280,wilson,250
beta_wide_normal_support_probs,0.5,1000,25,fkrb,mean_2,0.5000,0.524000,+0.024000,+0.048000,0.031650,0.462198,0.585076,wilson,250
beta_wide_normal_support_probs,0.5,1000,25,cp_wald,theta,0.5000,0.909280,+0.409280,+0.818560,0.004015,0.901280,0.917120,bootstrap,250
beta_wide_normal_support_probs,0.5,1000,25,cp_wald,mean_1,0.5000,0.996000,+0.496000,+0.992000,0.004000,0.977694,0.999294,wilson,250
beta_wide_normal_support_probs,0.5,1000,25,cp_wald,mean_2,0.5000,0.928000,+0.428000,+0.856000,0.016381,0.889071,0.953974,wilson,250
beta_wide_normal_support_probs,0.5,1000,25,qlr,theta,0.5000,0.668160,+0.168160,+0.336320,0.007141,0.654080,0.681920,bootstrap,250
beta_wide_normal_support_probs,0.5,1000,25,qlr,mean_1,0.5000,0.612000,+0.112000,+0.224000,0.030881,0.550335,0.670275,wilson,250
beta_wide_normal_support_probs,0.5,1000,25,qlr,mean_2,0.5000,0.596000,+0.096000,+0.192000,0.031097,0.534165,0.654929,wilson,250
beta_wide_normal_support_probs,0.05,1000,225,fkrb,theta,0.9500,0.908729,-0.041271,-0.043443,0.002881,0.902951,0.914418,bootstrap,250
beta_wide_normal_support_probs,0.05,1000,225,fkrb,mean_1,0.9500,0.952000,+0.002000,+0.002105,0.013547,0.917988,0.972332,wilson,250
beta_wide_normal_support_probs,0.05,1000,225,fkrb,mean_2,0.9500,0.948000,-0.002000,-0.002105,0.014070,0.913078,0.969362,wilson,250
beta_wide_normal_support_probs,0.05,1000,225,cp_wald,theta,0.9500,1.000000,+0.050000,+0.052632,0.000000,1.000000,1.000000,bootstrap,250
beta_wide_normal_support_probs,0.05,1000,225,cp_wald,mean_1,0.9500,1.000000,+0.050000,+0.052632,0.000000,0.984867,1.000000,wilson,250
beta_wide_normal_support_probs,0.05,1000,225,cp_wald,mean_2,0.9500,1.000000,+0.050000,+0.052632,0.000000,0.984867,1.000000,wilson,250
beta_wide_normal_support_probs,0.05,1000,225,qlr,theta,0.9500,1.000000,+0.050000,+0.052632,0.000000,1.000000,1.000000,bootstrap,250
beta_wide_normal_support_probs,0.05,1000,225,qlr,mean_1,0.9500,0.984000,+0.034000,+0.035789,0.007952,0.959590,0.993761,wilson,250
beta_wide_normal_support_probs,0.05,1000,225,qlr,mean_2,0.9500,0.984000,+0.034000,+0.035789,0.007952,0.959590,0.993761,wilson,250
beta_wide_normal_support_probs,0.5,1000,225,fkrb,theta,0.5000,0.453636,-0.046364,-0.092729,0.004383,0.445102,0.462223,bootstrap,250
beta_wide_normal_support_probs,0.5,1000,225,fkrb,mean_1,0.5000,0.544000,+0.044000,+0.088000,0.031563,0.482060,0.604608,wilson,250
beta_wide_normal_support_probs,0.5,1000,225,fkrb,mean_2,0.5000,0.500000,+0.000000,+0.000000,0.031686,0.438491,0.561509,wilson,250
beta_wide_normal_support_probs,0.5,1000,225,cp_wald,theta,0.5000,1.000000,+0.500000,+1.000000,0.000000,1.000000,1.000000,bootstrap,250
beta_wide_normal_support_probs,0.5,1000,225,cp_wald,mean_1,0.5000,1.000000,+0.500000,+1.000000,0.000000,0.984867,1.000000,wilson,250
beta_wide_normal_support_probs,0.5,1000,225,cp_wald,mean_2,0.5000,1.000000,+0.500000,+1.000000,0.000000,0.984867,1.000000,wilson,250
beta_wide_normal_support_probs,0.5,1000,225,qlr,theta,0.5000,0.995698,+0.495698,+0.991396,0.000364,0.994987,0.996409,bootstrap,250
beta_wide_normal_support_probs,0.5,1000,225,qlr,mean_1,0.5000,0.652000,+0.152000,+0.304000,0.030187,0.591057,0.708343,wilson,250
beta_wide_normal_support_probs,0.5,1000,225,qlr,mean_2,0.5000,0.588000,+0.088000,+0.176000,0.031192,0.526105,0.647232,wilson,250
beta_wide_normal_support_probs,0.05,10000,25,fkrb,theta,0.9500,0.949280,-0.000720,-0.000758,0.003694,0.942072,0.956640,bootstrap,250
beta_wide_normal_support_probs,0.05,10000,25,fkrb,mean_1,0.9500,0.952000,+0.002000,+0.002105,0.013547,0.917988,0.972332,wilson,250
beta_wide_normal_support_probs,0.05,10000,25,fkrb,mean_2,0.9500,0.948000,-0.002000,-0.002105,0.014070,0.913078,0.969362,wilson,250
beta_wide_normal_support_probs,0.05,10000,25,cp_wald,theta,0.9500,0.992320,+0.042320,+0.044547,0.001229,0.989760,0.994720,bootstrap,250
beta_wide_normal_support_probs,0.05,10000,25,cp_wald,mean_1,0.9500,1.000000,+0.050000,+0.052632,0.000000,0.984867,1.000000,wilson,250
beta_wide_normal_support_probs,0.05,10000,25,cp_wald,mean_2,0.9500,1.000000,+0.050000,+0.052632,0.000000,0.984867,1.000000,wilson,250
beta_wide_normal_support_probs,0.05,10000,25,qlr,theta,0.9500,0.969920,+0.019920,+0.020968,0.002733,0.964320,0.975200,bootstrap,250
beta_wide_normal_support_probs,0.05,10000,25,qlr,mean_1,0.9500,0.988000,+0.038000,+0.040000,0.006900,0.965319,0.995911,wilson,250
beta_wide_normal_support_probs,0.05,10000,25,qlr,mean_2,0.9500,0.976000,+0.026000,+0.027368,0.009699,0.948638,0.988955,wilson,250
beta_wide_normal_support_probs,0.5,10000,25,fkrb,theta,0.5000,0.493120,-0.006880,-0.013760,0.008739,0.476320,0.510240,bootstrap,250
beta_wide_normal_support_probs,0.5,10000,25,fkrb,mean_1,0.5000,0.540000,+0.040000,+0.080000,0.031585,0.478080,0.600709,wilson,250
beta_wide_normal_support_probs,0.5,10000,25,fkrb,mean_2,0.5000,0.464000,-0.036000,-0.072000,0.031604,0.403193,0.525896,wilson,250
beta_wide_normal_support_probs,0.5,10000,25,cp_wald,theta,0.5000,0.737760,+0.237760,+0.475520,0.006340,0.725280,0.750080,bootstrap,250
beta_wide_normal_support_probs,0.5,10000,25,cp_wald,mean_1,0.5000,0.908000,+0.408000,+0.816000,0.018316,0.865738,0.937913,wilson,250
beta_wide_normal_support_probs,0.5,10000,25,cp_wald,mean_2,0.5000,0.780000,+0.280000,+0.560000,0.026252,0.724627,0.826898,wilson,250
beta_wide_normal_support_probs,0.5,10000,25,qlr,theta,0.5000,0.628320,+0.128320,+0.256640,0.009864,0.608960,0.647840,bootstrap,250
beta_wide_normal_support_probs,0.5,10000,25,qlr,mean_1,0.5000,0.684000,+0.184000,+0.368000,0.029463,0.623955,0.738476,wilson,250
beta_wide_normal_support_probs,0.5,10000,25,qlr,mean_2,0.5000,0.700000,+0.200000,+0.400000,0.029041,0.640518,0.753428,wilson,250
beta_wide_normal_support_probs,0.05,10000,225,fkrb,theta,0.9500,0.924676,-0.025324,-0.026657,0.002784,0.919182,0.929992,bootstrap,250
beta_wide_normal_support_probs,0.05,10000,225,fkrb,mean_1,0.9500,0.932000,-0.018000,-0.018947,0.015954,0.893811,0.957114,wilson,250
beta_wide_normal_support_probs,0.05,10000,225,fkrb,mean_2,0.9500,0.956000,+0.006000,+0.006316,0.012997,0.922942,0.975256,wilson,250
beta_wide_normal_support_probs,0.05,10000,225,cp_wald,theta,0.9500,1.000000,+0.050000,+0.052632,0.000000,1.000000,1.000000,bootstrap,250
beta_wide_normal_support_probs,0.05,10000,225,cp_wald,mean_1,0.9500,1.000000,+0.050000,+0.052632,0.000000,0.984867,1.000000,wilson,250
beta_wide_normal_support_probs,0.05,10000,225,cp_wald,mean_2,0.9500,1.000000,+0.050000,+0.052632,0.000000,0.984867,1.000000,wilson,250
beta_wide_normal_support_probs,0.05,10000,225,qlr,theta,0.9500,1.000000,+0.050000,+0.052632,0.000000,1.000000,1.000000,bootstrap,250
beta_wide_normal_support_probs,0.05,10000,225,qlr,mean_1,0.9500,0.992000,+0.042000,+0.044211,0.005645,0.971305,0.997803,wilson,250
beta_wide_normal_support_probs,0.05,10000,225,qlr,mean_2,0.9500,0.988000,+0.038000,+0.040000,0.006900,0.965319,0.995911,wilson,250
beta_wide_normal_support_probs,0.5,10000,225,fkrb,theta,0.5000,0.476889,-0.023111,-0.046222,0.004789,0.467644,0.486490,bootstrap,250
beta_wide_normal_support_probs,0.5,10000,225,fkrb,mean_1,0.5000,0.544000,+0.044000,+0.088000,0.031563,0.482060,0.604608,wilson,250
beta_wide_normal_support_probs,0.5,10000,225,fkrb,mean_2,0.5000,0.548000,+0.048000,+0.096000,0.031540,0.486045,0.608503,wilson,250
beta_wide_normal_support_probs,0.5,10000,225,cp_wald,theta,0.5000,1.000000,+0.500000,+1.000000,0.000000,1.000000,1.000000,bootstrap,250
beta_wide_normal_support_probs,0.5,10000,225,cp_wald,mean_1,0.5000,1.000000,+0.500000,+1.000000,0.000000,0.984867,1.000000,wilson,250
beta_wide_normal_support_probs,0.5,10000,225,cp_wald,mean_2,0.5000,1.000000,+0.500000,+1.000000,0.000000,0.984867,1.000000,wilson,250
beta_wide_normal_support_probs,0.5,10000,225,qlr,theta,0.5000,0.979964,+0.479964,+0.959929,0.002323,0.975058,0.984142,bootstrap,250
beta_wide_normal_support_probs,0.5,10000,225,qlr,mean_1,0.5000,0.856000,+0.356000,+0.712000,0.022249,0.807088,0.894137,wilson,250
beta_wide_normal_support_probs,0.5,10000,225,qlr,mean_2,0.5000,0.828000,+0.328000,+0.656000,0.023916,0.776347,0.869725,wilson,250
